{"cameraMode":{"drawMode":0,"name":"Shaded","section":"Shading Mode"},"sceneLighting":false,"audioPlay":false,"sceneViewState":{"m_AlwaysRefresh":false,"showFog":true,"showSkybox":false,"showFlares":true,"showImageEffects":true,"showParticleSystems":true,"showVisualEffectGraphs":true,"m_FxEnabled":true},"in2DMode":false,"pivot":{"x":1316.1929931640625,"y":615.5327758789063,"z":33.256011962890628},"rotation":{"x":-0.07090972363948822,"y":0.27377596497535708,"z":-0.020239388570189477,"w":-0.958947479724884},"size":270.59661865234377,"orthographic":false}