{"cameraMode":{"drawMode":0,"name":"Shaded","section":"Shading Mode"},"sceneLighting":true,"audioPlay":false,"sceneViewState":{"m_AlwaysRefresh":false,"showFog":true,"showSkybox":true,"showFlares":true,"showImageEffects":true,"showParticleSystems":true,"showVisualEffectGraphs":true,"m_FxEnabled":true},"in2DMode":false,"pivot":{"x":0.5537247657775879,"y":0.7960891723632813,"z":0.06300997734069824},"rotation":{"x":-0.22776268422603608,"y":0.015187137760221959,"z":-0.0035503499675542118,"w":-0.973583996295929},"size":2.438896656036377,"orthographic":false}