{"cameraMode":{"drawMode":0,"name":"Shaded","section":"Shading Mode"},"sceneLighting":true,"audioPlay":false,"sceneViewState":{"m_AlwaysRefresh":false,"showFog":true,"showSkybox":true,"showFlares":true,"showImageEffects":true,"showParticleSystems":true,"showVisualEffectGraphs":true,"m_FxEnabled":true},"in2DMode":false,"pivot":{"x":0.3650691509246826,"y":2.465479612350464,"z":-0.6735591888427734},"rotation":{"x":-0.13340212404727937,"y":-0.20593051612377168,"z":0.02835278958082199,"w":-0.9690066576004028},"size":4.6041035652160648,"orthographic":false}