{"cameraMode":{"drawMode":0,"name":"Shaded","section":"Shading Mode"},"sceneLighting":true,"audioPlay":false,"sceneViewState":{"m_AlwaysRefresh":false,"showFog":true,"showSkybox":true,"showFlares":true,"showImageEffects":true,"showParticleSystems":true,"showVisualEffectGraphs":true,"m_FxEnabled":true},"in2DMode":false,"pivot":{"x":39.589839935302737,"y":71.18344116210938,"z":71.20128631591797},"rotation":{"x":-0.0055377366952598099,"y":0.4794979691505432,"z":-0.0030244160443544389,"w":-0.8775122761726379},"size":136.34918212890626,"orthographic":false}