{"cameraMode":{"drawMode":0,"name":"Shaded","section":"Shading Mode"},"sceneLighting":true,"audioPlay":false,"sceneViewState":{"m_AlwaysRefresh":false,"showFog":true,"showSkybox":true,"showFlares":true,"showImageEffects":true,"showParticleSystems":true,"showVisualEffectGraphs":true,"m_FxEnabled":true},"in2DMode":false,"pivot":{"x":0.03891730308532715,"y":2.193016529083252,"z":-0.2126682996749878},"rotation":{"x":-0.16374778747558595,"y":-0.5165738463401794,"z":0.10139045119285584,"w":-0.8342888355255127},"size":0.9882821440696716,"orthographic":false}